Title;Author(s);Year;Master Track;Supervisor;Second reader;Abstract/Summary;Main Research Question;SDG;Justification for SDG;Geographical scope;Scale;Main sector;Keywords;Methodology Type;Specific Methods;Theories;Internship Organization;Organizations Studied;Geographical location standardized;Latitude;Longitude;Location precision;Flag
Perception of Farmers on Reforestation of the Brazilian Atlantic Forest;Júlia Ramos Nardy;2022;;René Verburg, Anna Duden;Eva Fleiß;The Brazilian Atlantic Forest (BAF) is an ecological hotspot, and nowadays only 11.4% to 16% of the native vegetation is left, in which most of its remaining forest patches are small and disconnected from each other. Of the native vegetation left, 64% is within rural private properties, that are mainly used for agriculture – a key economic sector for Brazil’s GDP. This study focused on the Alto Paranapanema watershed, located in the southeast of the state of São Paulo, Brazil. 381 farmers participated in a survey, and findings suggest three different clusters of farmers with varying socio-economic characteristics and perceptions. Overall, they understand the benefits of forests but would be more willing to reforest if compensated by market strategies or benefits from the Forest Act.;;;;Alto Paranapanema Watershed, Brazil;Local;Ecology & Biodiversity;;Quantitative Empirical Research;Survey;;;;São Paulo;-23.5506507;-46.6333824;Broad;Missing Research Question, Missing SDG
EXPLORING OPPORTUNITIES OF ADDRESSING CONFLICTS BETWEEN FISHERIES AND OFFSHORE WIND ENERGY INDUSTRY −FROM A STAKEHOLDER PARTICIPATION PERSPECTIVE;Yi-Sin Chen;2022;Earth Systems Governance;Frank van Laerhoven;Agni Kalfagianni;The increasing demand for renewable energy and the developing climate awareness has accelerated the growth of wind energy. This research presents the opportunities of fisheries stakeholders involved in developing offshore wind farms in the UK and Taiwan, mainly focusing on Taiwan. The aim is to reduce or prevent the conflict between the offshore wind industry and fishery in Taiwan by comparing practices of stakeholder participation in the UK with those in Taiwan. Through document analysis and interviews with stakeholders, it is found that participation mechanisms could lead to the dominance of empirical data and technocrats, while the UK case provides more room for fishery stakeholders to involve.;How does fisheries stakeholder participation play a role in the planning process of offshore wind farms in Taiwan and the UK, thereby impacting, avoiding, solving, or mitigating conflict?;7 - Affordable and Clean Energy;This research addresses the development of offshore wind energy, which is a crucial component of transitioning to renewable energy sources, thereby contributing to affordable and clean energy goals.;Taiwan, United Kingdom;Local;Energy & Climate;offshore wind energy, fisheries, conflict, stakeholder participation;Qualitative Empirical Research;Document analysis, Semi-structured interviews;;;;Taiwan;23.9739374;120.9820179;Country;
Community renewable energy (CRE): governed democratically? – An analysis of democratic legitimacy in the governance of community renewable energy initiatives in Utrecht, The Netherlands;N.W.R. (Nenya) Jochemsen;2022;Earth Systems Governance;Dr. H.L.P. (Heleen) Mees;Dr. Ir. D.L.T. (Dries) Hegger;One of the biggest challenges of the 21st century is to shift from finite and fossil fuel-based energy sources to renewable and clean energy sources, in order to mitigate climate change. It is crucial that this transition enfolds democratically, to avoid the risk of exacerbating social inequalities within and between communities, instead increasing effectiveness and legitimacy of the transition and its outcomes. Practitioners and scholars increasingly point to community renewable energy (CRE) initiatives as legitimate agents in governing a democratic energy transition. In an attempt to fill the empirical knowledge gap on the often-assumed democratic legitimacy of CRE initiatives, the following research question is posed: How and to what extent is democratic legitimacy pursued and met by community renewable energy (CRE) initiatives in their governance of energy generation projects in the city of Utrecht? In answering this question, an analytical framework of democratic legitimacy, operationalized by indicators borrowed from literature on energy democracy, was applied to governance practices of CRE in Utrecht.;How and to what extent is democratic legitimacy pursued and met by community renewable energy (CRE) initiatives in their governance of energy generation projects in the city of Utrecht?;7 - Affordable and Clean Energy;This SDG applies as the research focuses on community renewable energy initiatives that aim to provide clean energy solutions while ensuring democratic governance.;Utrecht, Netherlands;Local;Energy & Climate;community renewable energy, democratic legitimacy, energy transition, Utrecht;Mixed Methods Research, Qualitative Empirical Research;Interviews, Document analysis, Comparative case study;;;Buurtstroom, Rijne Energie, Oog voor Warmte, Energie-U;Utrecht;52.0907006;5.1215634;City;
Flexibility in low-carbon nitrogenous fertilizer industries;Felix Olivier Alkemade;2022;Energy & Materials;Wina Crijns-Graus;Katerina Kermeli;This study examines the demand response potential of a European low carbon fertilizer production facility in 2030. The aim is to analyze the technical and economic demand response potentials through a cost minimization linear programming model. The research estimates energy consumption profiles for a fictive European fertilizer plant based on existing facilities and evaluates three decarbonization pathways. Findings indicate that while a CCS system increases electricity consumption, the Green Ammonia scenario shows a potential economic demand response of 3.6% with a peak shifting potential of 16.6% annually. The results highlight the importance of optimizing electrolyzer capacity to maximize demand response potential.;What is the demand response potential of a European low carbon fertilizer production facility in 2030?;12 - Responsible Consumption and Production;The study addresses the need for reducing energy consumption and greenhouse gas emissions in the fertilizer industry, aligning with sustainable production practices.;Europe;Regional;Energy & Climate;;Mixed Methods Research;Cost minimization linear programming model;;;OCI Nitrogen, Yara Sluiskil;;;;Broad;
Scaling impact of grassroots initiatives for sustainability within food policy councils;Francesca Fiore;2022;International Development;Giuseppe Feola;Francesca Pilo;This thesis investigates the role of grassroots initiatives for sustainability (GISs) in the formation of food policy councils in the Metropolitan Region of Amsterdam and the Plain of Lucca. The aim is to understand how GISs scale their impact through platforms that foster stakeholder interactions. Employing Event-Structure-Analysis, the research reconstructs the history of FPCs and reveals that GISs exert significant influence by adopting various roles over time. The findings suggest that the political agency of GISs is crucial for their scaling, indicating a need for integrating political conceptualizations into sustainability transition research.;How do grassroots initiatives for sustainability scale their impact through food policy councils?;11 - Sustainable Cities and Communities;The research focuses on grassroots initiatives that contribute to sustainable urban food systems, aligning with the goal of making cities inclusive, safe, resilient, and sustainable.;Amsterdam Metropolitan Area, Netherlands, and the Plain of Lucca, Italy;Local;Governance & Policy;Grassroots Initiatives for Sustainability, Food Policy Council, Scaling, Political Agency, Event-Structure-Analysis;Qualitative Empirical Research;Event-Structure-Analysis, Semi-structured interviews;Sustainability transition, Constituent, Constituted Power;;Metropolitan Region of Amsterdam Food Policy Council, Plain of Food of Lucca;Amsterdam;52.3730796;4.8924534;City;Abstract too short
The Relevance of Blockchain in Commons Governance;Constantijn Frederik Arnold Jan Simons;2022;Earth Systems Governance;Frank van Laerhoven;Joost Vervoort;This thesis explores the intersection of blockchain technology and commons governance, aiming to develop a theoretical framework for implementing blockchain in neighborhood commons. The research highlights the rapid development of blockchain and its potential to enhance governance effectiveness in physical commons. Through a synthesis of existing literature and expert interviews, the study identifies key design considerations and challenges in integrating digital frameworks with physical governance. Findings suggest that while blockchain holds promise for improving governance, significant technical and philosophical challenges must be addressed. The thesis concludes with recommendations for future research to optimize the proposed framework.;What potentials does a blockchain application hold to improve governance of a neighbourhood commons?;16 - Peace, Justice and Strong Institutions;The research addresses governance challenges in commons, emphasizing the role of blockchain in enhancing institutional effectiveness and transparency.;;Local;Governance & Policy;;Literature-Based Research, Qualitative Empirical Research;Expert interviews;Ostrom's Principles, Affordances;;;;;;Broad;Abstract too short
Greenhouse gas emission coverage and reduction potentials of scope 3 emissions in car manufacturing;Jelle Smeets;2022;Energy & Materials;Dr. Robert Harmsen, Drs. Mark Roelfsema;;This Master’s thesis assesses the current ambition of major car companies on reducing scope 3 emissions and the current state of their announced reduction targets. We investigated the current target landscape until mid-2022 and the total emission coverage of these targets in car supply chains. An in-depth analysis of upstream reduction strategies from the car companies’ sustainability reporting was conducted, and potential emission reductions based on electric vehicle targets were calculated. The findings indicate that upstream reduction targets are limited, while downstream targets show higher coverage. Recommendations include better integration of corporate EV targets in national policies.;To what extent do the current climate targets presented by car companies compare to national climate action under the Paris Agreement?;13 - Climate Action;The thesis focuses on greenhouse gas emissions in the car manufacturing sector and evaluates corporate climate targets in relation to national climate action, directly addressing climate change mitigation.;Global;Global/International;Energy & Climate;;Literature-Based Research, Qualitative Empirical Research;Emission inventory, Company target analysis, Upstream analysis, Downstream analysis;;NewClimate Institute;;;;;Broad;Abstract too short
The Role of Education in the Fight Against Desertification: A Case Study of M’hamid el Ghizlane, Morocco;Bo Maeijer;2022;;Kei Otsuki;;Over 40% of the world’s land surface is covered by semi-arid and arid environments, which are home to over one billion people. These environments are subject to desertification, with Africa being heavily affected. This research focuses on M’hamid el Ghizlane, a town threatened by desertification, leading to land degradation and displacement. Migration is viewed as an adaptation strategy. The study examines international and national initiatives against desertification, emphasizing education as a tool for behavioral change and technical knowledge. Document analysis and a case study using interviews and observations were employed to gather data on the relationship between education and desertification.;What is the role of education in the fight against desertification in M’hamid el Ghizlane, Morocco?;4 - Quality Education;Education is essential for shaping behavior and providing technical knowledge to combat desertification effectively.;M’hamid el Ghizlane, Morocco;Local;Ecology & Biodiversity;desertification, education, land degradation, migration, displacement;Literature-Based Research, Qualitative Empirical Research;Document Analysis, Case Study, Interviews, Observations;;;;M’hamid el Ghizlane;29.8273291;-5.7238782;City;
Seeding a new future? The role of the state in agroecological transitions;Carolina Costa de Souza, Bsc.;2022;Earth Systems Governance;Giuseppe Feola;Heitor Teixeira;The negative impacts of modern industrial agriculture are widely recognized in academic literature, supported by growing calls for systemic change. It has become clear to rural citizens and social movements that public policies designed to foster the Green Revolution model have subjected them to external technological and monetary dependency while degrading the environment and human health. Therefore, calls for an agroecological transition have now spread among scientists, international organizations and the broader civil society. This research investigates the state's role in agroecological transitions through a case study in Brazil from 2012-2019, revealing that while the state can foster cooperation and innovation, its support is fragile and must be rooted in deeper policies to ensure sustainable transformations.;What role does the state play in agroecological transitions?;2 - Zero Hunger;This SDG applies as the research focuses on agroecological transitions aimed at transforming food systems and enhancing food security.;Brazil;National;Governance & Policy;Agroecology, ecofeminism, political economy, role of the state, agroecological sustainability transitions;Mixed Methods Research;Case study, Literature Review, Interviews;Ecofeminism;;;Brazil;-10.3333333;-53.2;Country;
An Intersectional Assessment of Energy Poverty Among Migrant Groups in Germany;Hannah Galster;2022;International Development;Alberto Alonso Fradejas;Kei Otsuki;This thesis investigates energy poverty among migrant groups in Germany, aiming to understand the intersectional factors that contribute to this issue. The research employs a mixed methods approach, including literature review, interviews, surveys, and case reports to gather data. The findings reveal that first-generation migrants face unique challenges related to energy access, influenced by socio-economic status, discrimination, and policy inadequacies. The study highlights the need for targeted interventions to address energy injustices and improve support measures for vulnerable populations.;What are the intersectional factors contributing to energy poverty among migrant groups in Germany?;7 - Affordable and Clean Energy;This SDG applies as the research focuses on energy poverty, highlighting the need for equitable access to energy resources for marginalized communities.;Germany;National;Energy & Climate;Energy Poverty, Migrant Groups, Germany, Intersectional Assessment, Energy Justice;Literature-Based Research, Qualitative Empirical Research;Literature review, Interviews, Survey, Case Reports;Energy Justice, Intersectional Theory;Oeko-Institut Berlin;Consumer Advice Centre in Rhineland-Palatine;Germany;51.1638175;10.4478313;Country;Abstract too short
Compounding Disasters, Disaster Vulnerability and Disaster Management: A Case Study of Breast Cancer Patients in Puerto Rico Incorporating the Social Determinants of Health to Build Resilient Communities;Sophie Bernadette Mazur;2022;International Development;Ajay Bailey;Dora Sampaio;This thesis explores the impact of compounding disasters on breast cancer patients in Puerto Rico, focusing on the social determinants of health (SDH) that contribute to disaster vulnerability. The aim is to analyze how these factors affect disaster management strategies and healthcare access for this population. A mixed methods approach was employed, including media analysis, semi-structured stakeholder interviews, and case studies with breast cancer patients. The findings reveal significant gaps in disaster management implementation and highlight the need for integrating SDH into resilience-building efforts.;How do social determinants of health influence disaster vulnerability and management for breast cancer patients in Puerto Rico?;3 - Good Health and Well-Being;This SDG is relevant as the research addresses health disparities faced by breast cancer patients in the context of disasters, emphasizing the need for improved healthcare access and disaster management.;Puerto Rico;Local;Social Justice & Equity;Breast Cancer, Disaster Management, Social Determinants of Health, Resilience, Puerto Rico;Mixed Methods Research;Media Analysis, Semi-Structured Stakeholder Interviews, Case Study;Social Determinants of Health;;;Puerto Rico;18.2247706;-66.4858295;Country;Abstract too short
Attitude change of residents towards large carnivores in the Czech Beskydy Mountains;Nina Opdam;2022;;Ine Dorresteijn;Britta Ricker;The Eurasian lynx, grey wolf and brown bear are making a comeback in Europe, leading to potential conflicts with humans. This study aimed to investigate attitude changes towards these large carnivores in the Czech Beskydy Mountains over 22 years. A case study was conducted, collecting data through 120 questionnaires in 2022, comparing attitudes from 2000 and 2010. Findings indicate a shift towards more positive attitudes, driven by emotions, existence beliefs, perceived costs, and benefits. However, coexistence was perceived to have shifted towards conflict due to increased carnivore numbers and human disturbance. Recommendations for wildlife management include leveraging these drivers for tolerance.;How have local attitudes towards large carnivores in the Czech Beskydy Mountains changed over the past 22 years?;15 - Life on Land;This research addresses the coexistence of humans and large carnivores, contributing to the sustainable management of terrestrial ecosystems and biodiversity.;Czech Republic;Local;Ecology & Biodiversity;;Mixed Methods Research;Questionnaires, Quantitative data analysis, Qualitative data analysis, Case study;;;Friends of the Earth Czech Republic;Czech Republic;49.7439047;15.3381061;Country;
The Effects of Short-termism on Sectoral Problem Shifting;Thomas Gruben;2022;Earth Systems Governance;Dr. Rakhyun E. Kim;Dr. Sander Chan;This thesis examines the concept of sectoral problem shifting within multilateral environmental agreements, focusing on the influence of short-termism. The objective is to identify the conditions that enable problems to shift from one environmental domain to another. A systematic literature review indicates that short-termism may lead to the neglect of long-term consequences, resulting in the displacement of environmental issues. A case study analysis of the Montreal and Kyoto Protocols is conducted to explore this phenomenon. Findings suggest that short-termism among delegates may have facilitated the shift of focus from ozone depletion to climate change, highlighting the need for a broader discussion on the enabling conditions of sectoral problem shifting.;How has short-termism influenced the occurrence of sectoral problem shifting from the Montreal Protocol toward the Kyoto Protocol?;13 - Climate Action;The research addresses the interlinkages between environmental agreements and the impact of short-termism on climate change, making it relevant to the goal of climate action.;Global;Global/International;Governance & Policy;Sectoral Problem Shifting, Enabling Conditions, Short-termism, Multilateral Environmental Agreement, Ozone Depletion, Climate Change;Literature-Based Research, Qualitative Empirical Research;Case study analysis;;;;;;;Broad;
Optimising Research Uptake: The Success Conditions for Research Uptake Toward NGOs - The Case of Coral Reef Management;Elisavet Diamantopoulou;2022;;Frank van Laerhoven;Tatiana Acevedo Guerrero;This thesis explores the concept of research uptake, focusing on its role in bridging the science-practice divide in coral reef conservation. The aim is to identify the conditions that facilitate optimal uptake of scientific knowledge by NGOs involved in coral reef management. Through twenty-five interviews with NGOs globally, the research employs a framework from the UK Department for International Development. Findings indicate that successful research uptake hinges on clear agreements, internal capacity building, tailored communication, and a simple monitoring framework.;What are the conditions for optimal uptake of scientific knowledge by NGOs in the specific context of coral reef management?;14 - Life Below Water;This SDG is relevant as the research focuses on coral reef management, which is critical for marine biodiversity and ecosystem health.;Global;Global/International;Ecology & Biodiversity;;Qualitative Empirical Research;Interviews;;;;;;;Broad;Abstract too short
Acoustic Monitoring of Temperate Mesophotic Ecosystems: Assessing the Reliability of Acoustic Indices in Marine Ecosystems;;2022;;Angeles Garcia-Mayor;;Temperate Mesophotic Ecosystems have both economic and ecological importance, however, they are currently understudied and scarcely protected, leaving them vulnerable to anthropogenic and environmental disturbances. This study analysed the soundscape of two mesophotic ecosystems in the central coast of Chile to assess the reliability of acoustic indices in marine ecosystems by comparing them with diversity measures based on environmental DNA (eDNA). The research found substantial differences between indices, with some reflecting species richness well, and highlighted significant variability in diversity near a Marine Protected Area.;;;;central coast of Chile;;;;Qualitative Empirical Research, Quantitative Empirical Research;Principal component analysis, Counting, characterisation of fish sounds, Calculation of indices, Statistical analyses;;Pontificia Catholic University of Chile;;;;;Broad;Missing Research Question, Missing SDG, Abstract too short
Using the AudioMoth - a novel passive acoustic monitoring technology - to monitor bat diversity in a rewilded landscape;Koen Pronk;2022;Environmental Change and Ecosystems;Joris Cromsigt;Ine Dorresteijn;Ecosystem restoration through the reintroduction of grazers is gaining interest across Europe. Large herbivores are associated with landscape heterogeneity, restoration of trophic cascades and biodiversity. This study explores the use of AudioMoth technology to monitor bat diversity in different habitat types. The research assesses detection probabilities and the impact of habitat on bat genera presence. Findings indicate that clutter reduces detection probability, and certain bat genera are more likely to be detected in specific habitats. The study provides insights for monitoring rewilding projects and establishes a baseline for future research in Het Groene Woud.;How does habitat type affect the detection probabilities of bat genera using AudioMoth technology in a rewilded landscape?;15 - Life on Land;This study contributes to understanding biodiversity and ecosystem restoration, which are essential for achieving sustainable land management and conservation.;Het Groene Woud, Netherlands;Local;Ecology & Biodiversity;AudioMoth, bat diversity, rewilding, passive acoustic monitoring, biodiversity indicators;Qualitative Empirical Research;Field recordings, Statistical analyses;;Brabants Landschap;;Het Groene Woud;51.4953658;3.6099006;Broad;Abstract too short
A tale of two deltas Unpacking the aquaculture-salinity interface in the Kaveri and Mekong Delta;Richard Pompoes;2022;International Development;Janwillem Liebrand;Andres Verzijl;Brackish water shrimp aquaculture is a major commercial practice in the Kaveri Delta, India and the Mekong Delta, Vietnam. Various bodies of literature report environmental and social sustainability concerns revolving around salinity associated with shrimp aquaculture in the two deltas. This study aims to provide the first step toward rethinking aquaculture and delta management by understanding how professionals at the policy level translate ground level realities into policy and planning. A qualitative study was conducted, inspired by Actor-Network Theory, analyzing six sub-cases that highlight key controversies revolving around salinity. The results indicate that policy level framings of salinity are reductive and do not reflect the diversity of salinity understandings, which can feed into inequities.;How do professionals at the policy level translate ground level realities into policy and planning regarding salinity in aquaculture?;14 - Life Below Water;This SDG applies as the study addresses sustainability issues in aquaculture, which directly impacts marine ecosystems and water quality.;Kaveri Delta, India and Mekong Delta, Vietnam;Local;Ecology & Biodiversity;;Qualitative Empirical Research;Interviews, Literature, policy documents, media reports, maps;Actor-Network Theory;;;Kaveri Delta;;;Broad;
SCIENCE & PRACTICE: THE CASE STUDY OF CORAL REEF CONSERVATION & SEWAGE POLLUTION IN CURAÇAO;Elise Leiser;2022;Earth Systems Governance;Frank Laerhoven;Peter Driessen;Much research is being conducted on environmental issues but more knowledge does not necessarily lead to more decisions that take into account such knowledge. A low research uptake can therefore be a threat to ecosystems. An example is research going on about coral reefs and pollution in Curaçao. Coral reefs are vibrant ecosystems and provide many services. They support the economy and protect the coasts. However, they are declining as many hazards threaten them such as sewage that pours out into the sea. Scientific research is being conducted on that topic, but a major issue is the insufficient uptake of research by the policy sphere and the civil society to adopt environmental friendly decisions and behaviours. This master thesis is embedded in the SEALINK project, which aims at understanding how pollution such as sewage impacts the coral reef in Curaçao, and more precisely to its work package on research uptake strategies.;;14 - Life Below Water;This SDG applies as the research focuses on coral reef conservation and the impact of sewage pollution on marine ecosystems.;Curaçao;Local;Ecology & Biodiversity;Research uptake, Curaçao, sewage, corals;Qualitative Empirical Research;Interviews;;;;Curaçao;12.1176488;-68.9309263;Broad;Missing Research Question
Anti-capitalist grassroots initiatives’ uses of Cultural Politics to engage with Past and Future visions;Sandrine Birkeland;2022;Earth Systems Governance;Dr. Giuseppe Feola;Pr. Joost Vervoort;Modern capitalist societies are widely recognised as socially and environmentally unsustainable. Technological and scientific advances are insufficient to solve the climate and ecological crises that we face. Instead, structural, cultural and social changes are needed within Western societies. This study examines anti-capitalist grassroots initiatives’ engagement with the past and future through cultural practices in their attempt to unmake capitalism. A multiple case study analysis was performed on four anti-capitalist grassroots initiatives in Europe. The results show that the studied initiatives engage significantly with cultural politics of unmaking in relation to the future and past, making important uses of popularisation to spread their visions to society.;;;;Europe;Regional;Social Justice & Equity;Collective memory, cultural politics, unmaking of capitalism, anti-capitalist grassroots initiatives, future visions;Mixed Methods Research, Qualitative Empirical Research;Multiple case study, Critical Discourse Analysis of Interviews, Website, Critical Visual Methodology;Anti-capitalism, Anti-capitalist grassroots initiatives, Cultural politics, Prefigurative politics, Collective memories;;;;;;Broad;Missing Research Question, Missing SDG
Institutionalising Leaving No One Behind: a meta-analysis on worldwide national effort;EILEEN DE JONG;2022;Earth Systems Governance;Marjanneke Vijge;Sander Chan;This thesis explores the concept of 'Leaving No One Behind' (LNOB) through a meta-analysis of national efforts worldwide. The aim is to identify how different countries institutionalize LNOB in their policies and practices. A qualitative methodology is employed, analyzing various national voluntary reviews (VNRs) to assess the effectiveness of these efforts. The findings reveal significant variations in the understanding and implementation of LNOB, highlighting the importance of policy coherence, inclusive participation, and dedicated finance in achieving equitable outcomes.;How are national efforts to institutionalize Leaving No One Behind (LNOB) reflected in voluntary national reviews (VNRs) across different countries?;10 - Reduced Inequalities;This SDG is relevant as the thesis focuses on ensuring that all individuals, particularly marginalized groups, are included in national policies and practices, addressing inequalities.;Global;Global/International;Governance & Policy;Leaving No One Behind, institutionalisation, national efforts, meta-analysis, policy coherence;Qualitative Empirical Research;Meta-analysis;;;;;;;Broad;Abstract too short
Food in Transition: The Role of Food Culture in Niche Innovation Success;Susanna Potestio;2022;Earth Systems Governance;Dr. Frank Laerhoven;;This research investigates the role of food culture in sustainability transitions, particularly in the context of plant-based meat substitutes (PBMSs) in Italy and the Netherlands. The aim is to enhance the applicability of transitions theory to the food sector by integrating food culture theory. A comparative case study was conducted, involving 10 semi-structured interviews with experts from both countries. The findings reveal that food culture significantly influences the development and diffusion of PBMSs, affecting niche-regime compatibility and shaping food transitions. The study concludes that food culture plays a crucial role in determining which niches can emerge and how they interact with existing regimes.;How does food culture influence niche innovation success in the context of plant-based meat substitutes?;12 - Responsible Consumption and Production;This SDG applies as the research focuses on the development and diffusion of plant-based meat substitutes, which are integral to promoting sustainable consumption patterns in the food sector.;Italy, Netherlands;Local;Circular Economy & Production;;Qualitative Empirical Research;Comparative case study, Semi-structured interviews;Multi-Level Perspective, Strategic Niche Management;;;Italy;42.6384261;12.674297;Country;
TAKING ROOT: A GROUNDED APPROACH TO SCIENCE COMMUNICATION FOR SEALINK CURAÇAO;Tabita Houtman;2022;Earth Systems Governance;Dries Hegger;Carel Dieperink;Communicating research findings to a lay public comes with a range of challenges, as can be seen in the considerable literature on Science Communication (SC). Part of the issue is a lack of an empirically-based understanding of the communication context, such as audience characteristics or situational barriers. This research aims to fill this theoretical gap by identifying good practices for a grounded approach to science communication. A case study of the SEALINK project, which studies reef growth in the Dutch Caribbean, illustrates the approach. Key findings include the value of interviewing individuals from multiple actor categories and conducting street interviews, enriching the findings and providing a comprehensive understanding of the communication context.;What good practices can be identified for a grounded approach to science communication?;4 - Quality Education;This research contributes to improving science communication, which is essential for educating the public and enhancing understanding of scientific issues.;Curaçao;Local;Governance & Policy;science communication, grounded approach, SEALINK, communication strategies, laypersons;Literature-Based Research, Qualitative Empirical Research;Case study, Street interviews, Participant observation;;;;Curaçao;12.1176488;-68.9309263;Country;
Assessment of hydrological response on reforestation in the Atlantic Forest of Brazil;Debora Đermadi;2022;Environmental Change and Ecosystems;Anna Duden, Rens van Beek;;This thesis investigates the hydrological changes resulting from reforestation in the Atlantic Forest of Brazil. The aim is to quantify the impact of increased forest cover on hydrological parameters such as evapotranspiration, groundwater recharge, soil moisture, and discharge. The methodology involves the use of the PCR-GLOBWB 2.0 model to simulate different reforestation scenarios. The findings indicate that increased forest cover leads to significant changes in hydrological responses, with implications for water availability and ecosystem services.;What are marginal changes of the hydrological response as a result of increased forest cover?;15 - Life on Land;This study addresses the importance of forest ecosystems in maintaining biodiversity and regulating water cycles, which aligns with the goals of sustainable land management and restoration.;Brazil;Local;Ecology & Biodiversity;;Modelling & Systems Approaches;PCR-GLOBWB 2.0 model;;;;Atlantic Forest;-23.7159063;-46.4065984;Broad;Abstract too short
Applying Intersectionality Theory to Pluvial Flood Risk: An empirical analysis of social vulnerability to urban pluvial flooding in Europe;Peppi Boesler;2022;Environmental Change and Ecosystems;Murray Scown;Carel Dieperink;This research investigates the impacts of pluvial flooding in European urban areas, focusing on social vulnerabilities related to climate justice. The study aims to develop an intersectional vulnerability index (IVI) that incorporates ten dimensions of social vulnerabilities. Using statistical analysis, the IVI is applied to two case studies to identify districts with high social vulnerabilities and flood exposure. The findings reveal the compounding effects of intersecting discriminations on flood impacts and provide recommendations for enhancing social justice in flood risk management.;How can intersectionality theory be applied to understand and address social vulnerabilities in urban pluvial flood risk management?;11 - Sustainable Cities and Communities;The research addresses urban flooding and social vulnerabilities, highlighting the need for inclusive and equitable flood risk management in cities.;Europe;Regional;Governance & Policy;pluvial flooding, intersectionality, climate justice, urban, Europe;Qualitative Empirical Research, Quantitative Empirical Research;Statistical analysis, Composite index construction, Spatial analysis;Intersectionality Theory;;;;;;Broad;Abstract too short
Unravelling the Greenhouse Gas Emissions of Household Consumption: A Decomposition Analysis of the Netherlands Between 2000-2019;Gergő M. Sütő;2022;;Robert Harmsen;Wina Crijns-Graus;This study examined the relationship between climate change and household consumption in the Netherlands. During the period 2000-2019, the direct and indirect greenhouse gas emissions attributable to Dutch household expenditures were reduced from 151.7 to 127.1 MtCO2e. The study aimed at understanding to what extent socioeconomic factors contributed to this reduction of emissions. Five driving factors were selected to be evaluated: population, household size, household demand, demand structure, and emission intensity. A combination of environmentally-extended input-output analysis and decomposition analysis was utilised to quantify each driver’s impact on household GHG emissions. The results indicate that the estimated -24.6 Mt reduction of emissions was facilitated by three drivers and counterbalanced by two of them.;;;;Netherlands;National;Energy & Climate;GHG emissions, household consumption, decomposition analysis, environmentally-extended input-output analysis, the Netherlands;Mixed Methods Research;Decomposition analysis, environmentally-extended input-output analysis;;;;Netherlands;52.2434979;5.6343227;Country;Missing Research Question, Missing SDG
Regeneration at the Coast: Benefits beyond Blue Carbon A New Framework for Impact Assessment of Mangrove Restoration;Thyrza Zoons;2022;Environmental Change and Ecosystems;Prof. Dr. Detlef van Vuuren, Dr. Andries Hof, Dr. Murray Scown, Drs. Hanny van Hout, MM Eelco Leemans;;This thesis explores the impact assessment of mangrove restoration, focusing on the benefits beyond blue carbon. The aim is to develop a new framework for evaluating the effectiveness of mangrove restoration projects. The methodology includes interviews and case studies to identify key indicators for assessing the impact of restoration efforts. The findings reveal that a comprehensive assessment framework can enhance the understanding of mangrove restoration's ecological and social benefits.;How can a new framework for impact assessment improve the evaluation of mangrove restoration projects?;13 - Climate Action;Mangrove restoration contributes to climate action by enhancing carbon sequestration and supporting biodiversity, thus addressing climate change impacts.;Bonaire;Local;Ecology & Biodiversity;;Qualitative Empirical Research;Interviews, Case study;;Climate Cleanup;OLB, STINAPA Bonaire;Bonaire;12.167;-68.2876439;Broad;Abstract too short
MULTISPECIES JUSTICE: Philosophical and political considerations for multispecies futures;Rosalie Le Grelle;2022;Earth Systems Governance;Agni Kalfagianni;;This research explores the emerging field of Multispecies Justice (MSJ) in response to the challenges posed by climate change and biodiversity loss. The aim is to analyze MSJ's potential through both theoretical and empirical lenses. The first part involves philosophical research to consolidate MSJ, while the second part examines its reflection in sustainable governance practices. The findings suggest innovative ways to reconceptualize justice that includes all living beings, thereby laying a foundation for integrating MSJ into our collective imaginary.;;15 - Life on Land;The research addresses the decline in biodiversity and the need for justice that encompasses all living beings, aligning with the goals of protecting, restoring, and promoting sustainable use of terrestrial ecosystems.;Global;Global/International;Ecology & Biodiversity;;Literature-Based Research, Qualitative Empirical Research;Literature review, Critical Discourse Analysis, Artistic research;Feminist Theory, Queer Ecofeminism, Intersectionality, Decoloniality;;;;;;Broad;Missing Research Question, Abstract too short
Environmental impact of Alternative Food Networks in the Netherlands;Ilfa Cornelia van Duijvenbode;2022;Environmental Change and Ecosystems;Ernst Worrell;René Verburg;The conventional, modern food systems in the Netherlands are getting criticized for their large environmental impact and are becoming untenable in the light of new sustainability goals, like the SDGs, the Paris Climate Agreements, and the Dutch Nitrogen policy. There is a need for more sustainable agricultural. This research identifies Alternative Food Networks (AFNs) and assesses their environmental impact compared to conventional systems. The study proposes a definition for AFNs and evaluates the environmental impact of tomatoes and carrots from production to consumer. Results indicate that AFNs are more sustainable due to local production and reduced GHG emissions, though differences in impact categories are minimal. Recommendations include gathering more quantitative data and extending the study to multiple crops.;What is the potential contribution of Alternative Food Networks to sustainable agriculture in the Netherlands?;12 - Responsible Consumption and Production;The research addresses the environmental impact of food systems and promotes sustainable agricultural practices through the analysis of Alternative Food Networks.;Netherlands;National;Circular Economy & Production;"AFN; Environmental impact; LCA; Dutch Food systems; Agriculture; SDGs";Qualitative Empirical Research, Quantitative Empirical Research;Interviews, Environmental impact assessment;;;Groentetas;Netherlands;52.2434979;5.6343227;Country;
European Wildcats in Limburg: A study on presence, suitable habitats and potential corridors;Bram Schoufour;2022;Environmental Change and Ecosystems;Joris Cromsigt;;This study investigates the presence of European wildcats in Limburg, Netherlands, after their local extinction over a thousand years ago. The aim is to assess habitat quality and identify potential corridors for wildcat dispersal. A camera trap study confirmed the presence of wildcats in several forests, while a habitat suitability model indicated suboptimal conditions in Zuid-Limburg. The study also identified potential home ranges in Noord-Limburg and proposed a connectivity network to enhance wildcat movement. Findings highlight the importance of international cooperation for effective conservation strategies.;What is the current state of the population of the European wildcat in forests in Zuid-Limburg, which areas in Limburg are most suitable as potential wildcat habitats, and what are potential routes that wildcats can use to transition between current and potential habitats for wildcats in Limburg?;15 - Life on Land;The study focuses on the conservation of the European wildcat, a species that plays a crucial role in maintaining biodiversity and ecosystem health in terrestrial habitats.;Limburg, Netherlands;Regional;Ecology & Biodiversity;European wildcat, habitat suitability, corridors, conservation, biodiversity;Qualitative Empirical Research, Spatial & Environmental Analysis;Camera trap study, habitat suitability model, least-cost path analysis;Metapopulation Theory;ARK Nature;;Limburg;51.2015196;5.9046302;Region;Abstract too short
Energy justice in urban energy transitions;Sannah van der Wal;2022;International Development;Dr. Sanne Akerboom;Dr. Kei Otsuki;This thesis explores the concept of energy justice within urban energy transitions, focusing on how local governance actors understand and contribute to energy justice in a multi-level governance context. The aim is to analyze the roles and responsibilities of these actors in promoting energy justice. A case study methodology is employed, specifically examining the LIFE project and the Neighbourhood Venserpolder. The findings reveal that local governance plays a crucial role in implementing energy justice principles, highlighting the importance of distributional, procedural, and recognitional justice in energy policy.;How do local governance actors understand and contribute to energy justice in a multi-level governance context?;7 - Affordable and Clean Energy;This SDG applies as the research focuses on energy justice, which is integral to ensuring equitable access to affordable and clean energy in urban settings.;;Local;Energy & Climate;Energy justice, urban energy transitions, local governance, multi-level governance, LIFE project;Qualitative Empirical Research;Interviews, Desk study, Analysis of additional data;Energy Justice, Multi-Level Governance;;;;;;Broad;Abstract too short
Inequality and adaptation to Sea Level Rise under RCP4.5 until 2100: a study of adaptation strategies for vulnerable communities in India’s Ganga Delta;Thomas Budie;2022;International Development;Ajay Bailey, Selim Jahangir;;This research focuses on adaptation strategies for vulnerable communities in the Indian Ganga Delta against projected sea level rise (SLR) under RCP4.5 until 2100 and how adaptation strategies can be designed to reduce SLR-related inequalities for these social groups. The study identifies three general adaptation approaches: planned migration, managed retreat, and accommodation. It highlights the significant risks posed by SLR to landless agricultural laborers and other vulnerable groups. The main research question investigates the adaptation strategies for these communities and their potential to mitigate inequalities. The research employs GIS to map affected areas and reviews literature on SLR-induced inequalities, concluding that a mix of soft and hard approaches, along with incentivized migration, may best protect vulnerable communities.;What are the adaptation strategies for vulnerable communities in the Ganga Delta in India for projected Sea Level Rise under RCP4.5 until 2100 and how can it reduce potential SLR-induced inequalities;13 - Climate Action;This SDG applies as the research addresses the impacts of climate change, specifically sea level rise, on vulnerable communities and explores adaptation strategies to mitigate these effects.;India;Local;Social Justice & Equity;Sea Level Rise, Climate Change, Inequality, Vulnerable Communities, Adaptation Strategies, Complex Adaptive Systems, Vulnerability, Adaptive Capacity, Sensitivity, Exposure, GIS, Vulnerability Index, DPSIR, Ganga Delta, Ganges, West-Bengal, India;Mixed Methods Research;Geospatial analysis, Quantitative analysis of demographics, vulnerability, Literature-based analysis of SLR-induced Inequality, Adaptation Strategies;Complex Adaptive System Theory, Vulnerability;;;West Bengal;22.9964948;87.6855882;Region;
Energy Efficiency Obligation in The Netherlands: Can the implementation be improved?;Henrieke Polinder BSc.;2022;Earth Systems Governance;Hens Runhaar;Joost Vervoort;This research analyzes barriers and opportunities for the implementation of sustainability legislation, specifically the energy efficiency obligation in the Netherlands. The aim is to generate recommendations for improved implementation using an evaluative framework that combines the Institutional Framework for Policy Analysis and Design with indicators for policy implementation. The study includes a literature review and twenty interviews with officials from various governmental levels. Key findings indicate that operationalization of policy, the relationship between policy scale and government level, and funding are critical for effective implementation. Recommendations include enhancing funding for enforcement and improving collaboration between municipalities and environmental offices.;How is the energy efficiency obligation of the environmental law articles 2.14c and 2.15 implemented in The Netherlands, and what are the barriers and opportunities for improved implementation?;13 - Climate Action;The research focuses on improving energy efficiency legislation, which directly contributes to climate change mitigation efforts.;Netherlands;National;Energy & Climate;Energy efficiency, sustainability legislation, implementation, barriers, opportunities;Qualitative Empirical Research;Literature review, semi-structured interviews;Institutional Analysis, Development, Sabatier, Mazmanian framework;;;Netherlands;52.2434979;5.6343227;Country;Abstract too short
How the asparagus industry has led to sustainability and socio-economic issues the region of Ica;Kawing Lau;2022;International Development;Guus van Westen;Alonzo Fradejas;This thesis explores the sustainability and socio-economic issues arising from the asparagus industry in the Ica region of Peru. The aim is to analyze the impact of asparagus cultivation on local communities and the environment. A mixed methods approach is employed, combining desk research and case studies to gather data. The findings reveal significant challenges related to resource management and socio-economic disparities among stakeholders in the asparagus value chain.;What are the sustainability and socio-economic issues associated with the asparagus industry in the Ica region of Peru?;12 - Responsible Consumption and Production;The asparagus industry significantly impacts resource use and socio-economic conditions, highlighting the need for sustainable practices in agricultural production.;Ica, Peru;Local;Circular Economy & Production;sustainability, asparagus, socio-economic issues, Ica, Peru;Mixed Methods Research;Desk research, Case study;Neo-extractivism, Resource Grabbing;;;Ica;-14.3325;-75.499722;City;Abstract too short
"Closing the loop; a circular construction sector by 2050. Materials passports in the Dutch construction sector";Emile van de Wal;2022;Energy & Materials;Dr. ir. Jesus Rosales Carreon;Prof. dr. Ernst Worrell;The construction sector has a large environmental impact and waste contribution. The sector is the number one consumer of raw materials and 30% of global greenhouse gases can be attributed to the building sector. This research aims to identify the information needs and potential pitfalls of using materials passports (MP) in the Dutch construction sector. Using qualitative interview data from experts, the study assesses the MP's contribution to the transition towards a circular economy by 2050. Findings indicate that several adjustments are necessary for the MP to be effective, including improved information on material properties and better infrastructure for reuse.;What are the information needs and potential pitfalls of using materials passports in the Dutch construction sector to facilitate the transition towards a circular economy by 2050?;12 - Responsible Consumption and Production;This SDG applies as the research focuses on reducing waste and promoting sustainable practices in the construction sector, which is a significant contributor to environmental degradation.;Netherlands;National;Circular Economy & Production;;Qualitative Empirical Research;Interviews, analysis of existing materials passports;;"Rijksdienst voor Ondernemend Nederland (RVO); The Dutch Enterprise Agency";;Netherlands;52.2434979;5.6343227;Country;
Understanding the role of banks in overcoming financial barriers to agroecological transitions from a systems thinking perspective.;Jamie Hollywood;2022;Earth Systems Governance;Hens Runhaar;Walter Vermeulen;Intensive agricultural practices have contributed to global sustainability challenges such as climate change, biodiversity loss, water scarcity, soil degradation, food insecurity and groundwater pollution. Agroecology, a pathway to 'green' agriculture through the application of ecological principles, has been proposed to increase the sustainability of food-systems and agriculture. The problem central to this research is that financial barriers hinder systemic transition of agriculture towards agroecology. This research seeks to understand what practical solutions or innovations can be implemented by banks to overcome these barriers. Data was collected through semi-structured interviews and analysed to establish existing and proposed solutions to the financial barriers. The MCIR framework was employed to analyse the adoption of solutions and innovations within the banks. The analysis identified 19 solutions and innovations across both banks, with substantial differences attributed to differences in organisational form, values and principles, and bank size.;What practical solutions or innovations can be implemented by banks to overcome financial barriers to agroecological transitions?;12 - Responsible Consumption and Production;This SDG applies as the research focuses on overcoming financial barriers to promote sustainable agricultural practices, which are essential for responsible consumption and production.;Netherlands;National;Governance & Policy;;Qualitative Empirical Research;Semi-structured interviews;MCIR framework;;Rabobank, Triodos;Netherlands;52.2434979;5.6343227;Country;
Nature Based Solutions for Carbon Sequestration and Biodiversity Conservation: Is there a future for solutions that look beyond tree planting for forests and grassy biomes?;Emma Leltz;2022;Environmental Change and Ecosystems;Mariska te Beest;;Natural climate solutions (NCS) are proposed to mitigate climate change by managing natural ecosystems. This research aims to analyze NCS related to ecosystem restoration commitments by governments and their potential for afforestation in unsuitable ecosystems. A quantitative analysis inventories restoration commitments and compares them to available forest land. Additionally, a literature review evaluates NCS beyond tree planting. Results indicate a higher number of commitments for forest ecosystems than grassy biomes, with 33 countries committing to increase forest area beyond available land. Various NCS show positive impacts on climate change mitigation, biodiversity conservation, and sustainable livelihoods.;What natural climate solutions do governments commit to with the aim to reach emission- and restoration targets and do they lead to afforestation of non-forest ecosystems?;13 - Climate Action;This research addresses the need for effective climate solutions that contribute to carbon sequestration and biodiversity conservation, aligning with the goals of climate action.;Sub-Saharan Africa;Regional;Ecology & Biodiversity;Natural climate solutions, carbon sequestration, biodiversity conservation, ecosystem restoration, grassy biomes;Literature-Based Research, Quantitative Empirical Research;Quantitative analysis, literature research;;;;Sub-Saharan Africa;;;Region;Abstract too short
Ex-Ante Comparative Life Cycle Assessment of Membrane Distillation-Crystallization for Lithium Extraction;Johnny Bonk;2022;;Gert Jan Kramer, Blanca Corona Bellostas;;Lithium is an energy-critical-element that is essential for lithium-ion batteries, which are expected to see increased demand for battery electric vehicles and renewable energy storage. This study investigates membrane distillation-crystallization (MCr) as a potentially more environmentally friendly alternative to current lithium extraction methods. An ex-ante life cycle assessment was conducted to evaluate the environmental impacts of MCr compared to brine inspissation. The findings suggest that while MCr can achieve high lithium recovery rates, it requires significant energy and has a higher global warming potential than traditional methods. The study highlights the need for further evaluation of MCr's trade-offs.;;;;Chile;Local;Energy & Climate;;Literature-Based Research, Qualitative Empirical Research;Ex-Ante Life Cycle Assessment, Narrative Literature Review;;HidroSinergia;;Salar de Atacama;-23.3836226;-68.2566721;Broad;Missing Research Question, Missing SDG, Abstract too short
THE REGIONAL TRANSITION TO A CIRCULAR ECONOMY;Pieter van Bommel;2022;Energy & Materials;Jesus Rosales Carreon;;The concept of a circular economy has gained increasing attention as a means to address high consumption levels, material scarcity and unequal access to natural resources. This research aims to contribute to understanding the transition process to a circular economy at the regional level in the Netherlands. The study analyses the suitability of several circular economy indicator frameworks and applies the mission-oriented innovation framework to the Food Valley region through structured interviews with thirteen stakeholders. The findings provide insights into the local circular ecosystem, identifying strengths, weaknesses, and interactions between functions. The research concludes that a transition framework can aid in assessing the circular economy transition, particularly in its early phases.;How can the transition process to a circular economy be assessed at the regional level in the Netherlands?;12 - Responsible Consumption and Production;This SDG applies as the research focuses on assessing the transition to a circular economy, which aims to promote sustainable consumption and production patterns.;Netherlands;Regional;Circular Economy & Production;;Qualitative Empirical Research;Structured interviews;Transition Theory;Royal HaskoningDHV;;Food Valley;52.011667;5.653611;City;
Carbon colonialism: How forest-related carbon removal projects in the Global South reproduce colonial power structures;Guanta-Namera Nous;2022;;Frank Biermann;;Current efforts to limit global warming are falling short and forest-related carbon dioxide removal (CDR) projects are increasingly relied upon by states to reduce greenhouse gases in the atmosphere. This paper unveils and criticises power structures present in the discourse on CDR-projects by conducting a Postcolonial Critical Discourse Analysis of UNFCCC documents from 2015 to 2021. The insights reveal that carbon colonialism is present in the discourse as most projects are planned in the Global South, with an overemphasis on positive effects and ignorance of negative impacts. This research highlights the need to address justice-related problems in CDR initiatives.;How do forest-related carbon removal projects in the Global South reproduce colonial power structures?;13 - Climate Action;The research addresses the implications of carbon removal projects on climate action and highlights the need for equitable practices in the Global South.;Global;Global/International;Energy & Climate;carbon colonialism, carbon dioxide removal, Global South, Postcolonial Critical Discourse Analysis, environmental justice;Qualitative Empirical Research;Postcolonial Critical Discourse Analysis;Postcolonial Theory;;;;;;Broad;Abstract too short
The Implications of the Colonial History in Delta Planning for Climate Change Adaptation in the Mekong Delta Canal in the Mekong Delta, Ben Tre.;Anne Ha;2022;International Development;Janwillem Liebrand;Femke van Noorloos;This research investigates the implications of Vietnam's colonial history on current delta planning practices for climate change adaptation in the Mekong Delta. The aim is to understand how historical contexts influence the actions of professional communities involved in delta planning. A mixed methodology is employed, including document analysis, semi-structured interviews, and policy analysis. The findings reveal that colonial legacies continue to shape planning practices, often exacerbating existing inequalities and undermining effective climate adaptation strategies.;What is the colonial history of delta planning in Vietnam, and how is this history implicated in how professional communities plan for climate change adaptation?;13 - Climate Action;This research addresses the urgent need for effective climate change adaptation strategies in the Mekong Delta, a region highly vulnerable to climate impacts.;Mekong Delta, Vietnam;Local;Governance & Policy;coloniality, delta planning, climate change adaptation, Mekong Delta, Vietnam;Mixed Methods Research;Document research, Semi-structured interviews, Policy analysis;Colonial Matrix of Power;;;Mekong Delta;9.7508959;105.2224602;Broad;Abstract too short
Sustainable Transitions for Large Enterprises: A case study of B Corporations;Zulia Oomen-Lochtefeld;2022;International Development;Marjanneke Vijge;Tatiana Acevedo Guerrero;The urgency of the climate crisis and global inequality demands the action of all, including the private sector. This research investigates the transition that large European companies must undergo to become certified B Corporations, focusing on their motivations and challenges. The findings reveal that companies are driven by both external recognition and internal transformation ambitions. The transition involves stages from initial certification to long-term impact improvement, facing challenges related to timelines, culture shifts, and supply chain complexities. This study contributes to understanding how large enterprises can shift towards sustainable business models and address the Sustainable Development Goals.;What transition do large European companies need to undergo to successfully become certified B Corporations?;12 - Responsible Consumption and Production;This SDG applies as the research focuses on how large enterprises can adopt sustainable business practices and contribute to responsible consumption and production.;Europe;Regional;Circular Economy & Production;certified B Corporation, Sustainable Hybrid Business Model, corporate sustainability, corporate transitions, large enterprises;Qualitative Empirical Research;Company Interviews, B Lab Interviews, Document Analysis, Survey;;B Lab Europe;;;;;Broad;Abstract too short
A COMPARATIVE CASE STUDY OF SUSTAINABLE HEAT NETWORKS INCLUDING THREE HEAT COLLECTOR TYPES AND TWO DIFFERENT HEAT STORAGE SYSTEMS;SIMONE VAN DER VEEN;2022;Energy & Materials;ROBERT HARMSEN;;This thesis investigates the potential of sustainable heating systems based on solar-thermal technologies in the Netherlands. The aim is to compare different heating systems regarding costs, CO2 emission savings, and their ability to meet the heat demand of Dutch households. A comparative case study approach is employed, analyzing five distinct heating concepts that integrate various solar collectors and heat storage systems. The findings indicate that certain configurations can significantly reduce CO2 emissions while effectively meeting heating demands, thus contributing to the transition towards a more sustainable energy system.;How do different sustainable heating systems based on solar-thermal technologies compare regarding costs, CO savings and the capability of meeting the heat demand of Dutch households?;7 - Affordable and Clean Energy;This research contributes to the development of sustainable heating solutions, which are essential for achieving affordable and clean energy in the built environment.;Netherlands;National;Energy & Climate;Sustainable heating, solar-thermal technologies, heat networks, CO2 savings, energy transition;Mixed Methods Research;Comparative case study, calculations, analysis of heating systems;;DWA;;Netherlands;52.2434979;5.6343227;Country;Abstract too short
The Role of Identity in Coal Phase-out Transitions For the German cases of Lusatia and North Rhine-Westphalia;M.J. Thimm;2022;;James Patterson;;"This research aims to address the role of identity in the coal phase-out in the German regions North Rhine-Westphalia and Lusatia. It does so by using the framework as provided by Sanz-Hernández (2020) as a guide. Interviews were conducted with eleven regional experts, among which scientists, a mining employee, and a mayor. To complement the data gathered through these interviews, news articles were consulted in a structured way. This data was analyzed with NVIVO. As a result, it was found that especially economic; territorial; social, emotional and cultural dependence; and injustice played a significant role. Additionally, the attributes of identity do not function independently, and influence each other in different ways.";;;;Germany;Local;Energy & Climate;;Qualitative Empirical Research;Interviews, Literature;;;;Germany;51.1638175;10.4478313;Country;Missing Research Question, Missing SDG
REGREENING VERSUS LOCAL CLIMATE CHANGE HOW VEGETATION ACTIVITY ALTERATIONS RELATE TO LOCAL HYDRO-METEOROLOGY IN THE MEDITERRANEAN BASIN.;Eva Asmus;2022;;Arie Staal;;In the Mediterranean, heatwaves and drought intensity and occurrence are projected to increase. As some studies and theories suggest a cooling and wetting effect of vegetation activity, this study aimed to gain a better understanding of how vegetation relates to the local climate of the Mediterranean Basin. The research was conducted by means of a remote-sensing data analysis. The change from 1982-2020 of the NOAA ANVHRR NDVI was correlated with changes of hydro-meteorological variables of the ERA5-Land dataset or the same period. Results shows positive relationships between both precipitation and temperature with vegetation activity, and hint at a potential mitigating effect of droughts by regreening. However, the complexity of the interplay between the variables impedes drawing hard conclusions, and further research is suggested.;;;;Mediterranean;Regional;Energy & Climate;Mediterranean, drought, heatwave, vegetation, regreening;Quantitative Empirical Research;remote-sensing data analysis;;;;;;;Broad;Missing Research Question, Missing SDG
Ecologically Sound Urban Water Governance;Frederik Leemkuil;2022;;Carel Dieperink;Kees van Leeuwen;Nowadays urban water governance is becoming more and more important. However, it is unknown how to effectively include ecology in urban water governance because ecology is a relatively new subject. There are however cities across the world that seem to be doing relatively good on the subject of ecological water governance. These cities can teach us how to effectively implement ecology in urban water governance. This comparison has shown that there are a couple points that seem to be very important when it comes to ecologically sound urban water governance. Collaboration, production and sharing of cohesive knowledge, authority, and the presence of agents of change are important indicators of ecologically sound urban water governance.;;;;;;;Urban Water Governance, Ecologically Sound, Urban Ecology, Urbanization, Systems Thinking;Literature-Based Research;;;KWR Water Research Institute;;;;;;Missing Research Question, Missing SDG
A Comparative Life Cycle Analysis of The Modern Milkman’s Reusable Glass Milk Bottle;Eleanor Carter;2022;Energy & Materials;Ernst Worrell;;This thesis investigates the life cycle impacts of The Modern Milkman’s reusable glass milk bottle compared to single-use alternatives. The aim is to assess the environmental benefits of reusable packaging in the dairy sector. A life cycle assessment (LCA) methodology is employed to analyze various impact categories, including production, distribution, and end-of-life scenarios. The findings indicate that reusable glass bottles significantly reduce environmental impacts when return rates are optimized and electric vehicles are utilized for distribution.;How does the life cycle impact of The Modern Milkman’s reusable glass milk bottle compare to that of single-use alternatives?;12 - Responsible Consumption and Production;This research supports SDG 12 by promoting sustainable consumption patterns through the analysis of reusable packaging solutions.;;Local;Circular Economy & Production;;Quantitative Empirical Research;Life cycle assessment;Circular Economy;;;;;;Broad;Abstract too short
Equitable transformation, transforming equality: A grounded theory study on the role of equality and equity in research and policies for transformative change;Kayleigh O’Gara;2022;Earth Systems Governance;Joost Vervoort;Rak Kim;This study aimed to explore the role that equality and equity plays in transformations research, and how it can be integrated further by asking the research question How are the issues of equality and equity incorporated into the Transformative Innovation Policy conceptual framework and practice, and what lessons can be derived from it? Through working in collaboration with the Transformative Innovation Policy Consortium, data was collected on how researchers perceived and implemented equality and equity in their policy work. It was found that equality and equity was integral to TIP, although in an implicit manner through procedural mechanisms such as co-creation and mutual learning.;How are the issues of equality and equity incorporated into the Transformative Innovation Policy conceptual framework and practice, and what lessons can be derived from it?;10 - Reduced Inequalities;The study focuses on the integration of equality and equity in transformative change, which directly relates to reducing inequalities in policy and research practices.;Global;Global/International;Governance & Policy;equality, equity, transformative change, Transformative Innovation Policy, grounded theory;Qualitative Empirical Research;Grounded Theory, Problem-Centred Expert Interview;;;Transformative Innovation Policy Consortium;;;;Broad;
The Sustainability of Urban Rooftop Farms;;2022;;Ernst Worrell;;This research focuses on urban rooftop farming initiatives as a solution to challenges posed by climate change and urbanization. The study aims to classify different types of rooftop farms and analyze their environmental and economic performance through life cycle assessment and costings. Findings indicate that the sustainability impact of rooftop farms varies widely based on their typology, farming methods, and functions. Current metrics for evaluating performance do not capture the full range of sustainability benefits, suggesting a need for new metrics to assess the overall impact of rooftop farms.;;;;;;;;Literature-Based Research;Life cycle assessment, Life cycle costing;;;;;;;;Missing Research Question, Missing SDG, Abstract too short
Green hydrogen production and export potentials in the EU and neighbouring regions: Case studies from Georgia and Spain;Pau Campos I Oncins;2022;Energy & Materials;Wolfgang Eichhammer;;The growing ambition of climate targets within the European Union, necessary for maintaining global warming below 1.5 °C, have put green hydrogen (i.e. produced from renewable electricity) in the spotlight of decarbonisation pathways for sectors where replacing fossil fuels consumption is most challenging. Consequently, reliable assessments of potential supply and demand for this clean fuel are increasingly necessary for the European Union to pave its way forward. In this research a framework is developed to study countries’ possibilities to deploy large scale production, use and exports of green hydrogen. This framework combines technical calculations of demand and supply with economic cost assessments and a criteria approach that widens the scope of the analysis in order to encapsulate as many determining factors as possible for a successful hydrogen transition. The framework is then applied to the cases of Georgia and Spain.;;;;Georgia, Spain;Regional;Energy & Climate;;Mixed Methods Research;Energy Model, Cost calculations, Production, export calculations, Multi Criteria Analysis;;Fraunhofer Institute for Systems and Innovation Research ISI;;Georgia;41.692843;44.0287;Country;Missing Research Question, Missing SDG
Finance for sustainability: How European actors can support sustainable small and medium-sized enterprises in Nigeria;Maja Biemann;2022;;Guus van Westen;;To address the challenge of mismanaged plastic waste in Nigeria, this research investigates the main research question ‘How can European actors financially support SMEs active in Nigeria’s plastic waste management as a means to aid in achieving the local sector’s sustainability transition?’. To answer this, a mixed-method approach was applied, including the review of the existing literature base, collecting insights from Nigerian SMEs through an online survey and conducting actor interviews with individuals working in SMEs, investors and further actors relevant to the topic. The findings reveal that SMEs are promising actors of change, and recommendations for financial instruments are provided to enhance their sustainability and support the informal sector.;How can European actors financially support SMEs active in Nigeria’s plastic waste management as a means to aid in achieving the local sector’s sustainability transition?;12 - Responsible Consumption and Production;This SDG applies as the research focuses on improving the sustainability of plastic waste management in Nigeria, which directly relates to responsible consumption and production practices.;Nigeria;Local;Circular Economy & Production;;Mixed Methods Research;Literature review, Semi-structured interviews, Online questionnaire;Service regimes;Trinomics B.V.;;Nigeria;9.6000359;7.9999721;Country;
Stimulating climate adaptive community initiatives;Lineke Hiemstra;2022;;Dr. Heleen Mees;Dr. ir. Dries Hegger;Community initiatives have an indispensable role to play in tackling climate adaptation, by their ability to increase the uptake of climate adaptation measures among households. This study focuses on increasing the uptake of green roofs among households specifically. Despite the potential of community initiatives in increasing this uptake, they often reach only a small portion of a neighborhood. By enhancing membership numbers of green roof community initiatives, the overall success of green roof implementation in the Netherlands may be enhanced. A novel framework of individual conditions has created a holistic overview of the relevant individual conditions that move people to participate in pro-environmental community initiatives. This study applies this framework to a case study in the Dutch city of Deventer, resulting in an understanding of which individual conditions are most important in driving people to join a climate adaptation community initiative.;;;;Deventer, Netherlands;Local;Ecology & Biodiversity;Citizen initiatives, nature-based solutions, neighborhood climate adaptation, framework of individual conditions, green roofs;Mixed Methods Research;Case study, Online interviews, Survey interviews, Qualitative Interpretive Analysis, Qualitative Comparative Analysis;;Buurkracht;;Deventer;52.2694897;6.2364886;City;Missing Research Question, Missing SDG
Going circular in buildings’ renovations? An environmental and financial impact assessment conducted for a case study in Greece;Alexandra Giasimaki;2022;;Dr.ir. Jesus Rosales Carreon;Prof. Dr. Ernst Werrel;The current European building stock is responsible for 50 % of the energy use, 40 % of the greenhouse emissions, and 50 % of the raw material requirement. Existing European policies push the increase of renovations, aiming to achieve energy efficiency and material preservation. Applying circular strategies on upcoming renovations can boost this initiative. Until recently, existing literature has mainly been focused on monitoring the buildings’ operational energy and carbon emissions. In this study, a variety of environmental and financial implications was researched. The analysis was performed for a conventional and a circular renovation strategy applied to a residential building case study located in Athens, Greece. The impacts of the two strategies were accessed conducting a Material Flow Analysis (MFA) and a Decision Support System (DSS). The outcomes indicated that applying circularity in the Greek residential building stock is more beneficial from an environmental perspective, whilst from a financial aspect it turned out to be unattractive.;;;;Athens, Greece;Local;Circular Economy & Production;circular economy, circular renovation, impact assessment, material flow analysis, decision support system;Mixed Methods Research;Material Flow Analysis, Decision Support System;;;;Athens;37.975528;23.727583;City;Missing Research Question, Missing SDG
AGENT-BASED MODELLING OF THE HOUSE SPARROWS DESIGNING A SPATIAL BEHAVIOURAL MODEL FOR THE HOUSE SPARROW IN ZAANDAM;Maartje van Heck;2022;Environmental Change and Ecosystems;Stefan Dekker, Belinda Kater;Natalie Davis;The loss of biodiversity is a global problem, with a significant decline in house sparrows in north-western Europe, including the Netherlands. This research aims to explore the behavior and distribution of house sparrows using a conceptual behavioral model to predict their spatial distribution. An agent-based model was developed in Netlogo, resulting in various pathways for house sparrow distribution. Pathways 1 and 3 yielded the best results, while the standard pathway and pathway 4 performed poorly. The model shows that the suitability of houses greatly influences house sparrow distribution, although it does not fully align with real-world observations, indicating the need for further research.;;15 - Life on Land;This SDG applies as the research focuses on the conservation of house sparrows, which are affected by biodiversity loss.;Zaandam, Netherlands;Local;Ecology & Biodiversity;;Conceptual & Theoretical, Mixed Methods Research;Agent-Based model;;Arcadis;;Zaandam;52.4424926;4.8298607;City;Missing Research Question
Uncovering Landscapes of Vulnerability;Frank Prins;2022;International Development;Dr. Andres Verzijl;Dr. ir. Janwillem Liebrand;Indian coastal deltas, such as the Cauvery and Godavari Delta, consist of the world’s critical disaster risk hotspots. An important dimension of disaster risk is the societal conditions of vulnerability, consisting of the capacity to anticipate, cope with, resist, and recover from the impacts of a natural hazard. Vulnerability denotes a multidimensional concept encompassing many social, economic, political, and cultural conditions that differ through time and space. This research provides the first assessment of vulnerability in the Cauvery and Godavari Delta, as it aims to uncover the spatial and temporal dynamics of vulnerability in the two deltas. For this research, the Indian Delta Vulnerability Index was developed to measure and map the multidimensional level of vulnerability using secondary government data from 2011. Furthermore, a literature study and local expert consultations were used to better understand the spatial and temporal production of vulnerability. Three main conclusions emerge. First, a cross-delta vulnerability gradient was observed in both deltas, with the tail-end regions of the Cauvery and Godavari Deltas identified as significant vulnerability hotspots. Secondly, it was found that historical patterns of irrigation, agricultural productivity, marginalisation, and social differentiation shape the current vulnerability landscapes. Thirdly, the production of vulnerability was found to be shaped by complex spatial-temporal dynamics. Further comprehensive analysis across the two deltas is recommended to improve our understanding of the production and reproduction of the vulnerability landscapes.;;;;Cauvery and Godavari Delta, India;Local;Governance & Policy;Vulnerability, Spatiality, Temporality, Cauvery, Godavari, Delta, India;Qualitative Empirical Research;Literature study, local expert consultations;;;;India;22.3511148;78.6677428;Country;Missing Research Question, Missing SDG
Facilitation for the future: The Ozone Secretariat’s role during the Kigali Amendment negotiations;Jannah Wijermars;2022;Earth Systems Governance;Rakhyun Kim;Frank Biermann;The Kigali Amendment is the latest addition to the Montreal Protocol for Substances that Deplete the Ozone Layer. This Amendment ensures that HFCs are phased down under the Protocol’s regulations. The Ozone Secretariat has shown interest in phasing down HFCs directly after they were first discussed by some Parties. But why the Secretariat did so was puzzling. The research aims to answer why the Ozone Secretariat facilitated the Kigali Amendment negotiations. A hypothesis was built and tested through document analysis and qualitative interviews. The findings confirm the Secretariat had autonomy and influence, was eager to jump on HFCs, and their motivation was driven by a need for survival.;Why did the Ozone Secretariat facilitate the Kigali Amendment negotiations?;13 - Climate Action;The research addresses the role of the Ozone Secretariat in climate change mitigation through the Kigali Amendment, which is crucial for reducing greenhouse gas emissions.;Global;Global/International;Governance & Policy;Ozone Secretariat, Montreal Protocol, Kigali Amendment, HFCs, Survival, Problem-shifting;Qualitative Empirical Research;Document analysis, In-depth qualitative interviews;;;;;;;Broad;
History and belief coalitions in conservation conflict;Brian Reilly B.Sc.;2022;Earth Systems Governance;Hens Runhaar, Ine Dorresteijn;Marjanneke Vijge;This research addresses human-wildlife conflict (HWC) in the Western Carpathians, where increasing human population and land development lead to conflicts over wolf protection and wild boar management. The study aims to explore how historical developments influence stakeholder cooperation in conservation. Data were collected through in-person interviews with 21 stakeholders, and network analysis and qualitative content analysis were employed. Findings indicate that policy core beliefs are crucial for coalition formation, and historical narratives bridge separate coalitions. The research highlights the importance of social factors in conservation conflicts and suggests that understanding these dynamics can foster cooperation.;How do local historical developments influence stakeholder cooperation in the conservation and management of wolves and wild boar in the Western Carpathians?;15 - Life on Land;This SDG applies as the research focuses on wildlife conservation and the management of species in their natural habitats, addressing the challenges posed by human-wildlife conflicts.;Western Carpathians;Local;Ecology & Biodiversity;conservation conflict, historical context, beliefs, coalitions, cooperation network;Qualitative Empirical Research;In-person interviews, Network analysis, Qualitative content analysis;Advocacy Coalition Framework;;;;;;Broad;Abstract too short
Private Sector Involvement in Climate Adaptation;Alessa F. Zoetbrood;2022;;Peter Driessen;Carole-Anne Sénit;Climate change poses an increasing risk to human and natural systems, and climate action is necessary to reduce these risks. The mobilisation of private sector investment and adaptation is needed but remains difficult. A strategy to encourage private sector engagement is through public-private partnerships. However, public-private partnerships are not always effective, and private sector engagement is sometimes still low in public-private partnerships. This research aims to investigate the role and level of engagement of the private sector, and its linked justice implications in public-private partnerships focused on food security adaptation in the global South. This research has conducted a case study analysis with four public-private partnerships concerned with agricultural adaptation in the global South. This thesis shows that the private sector often plays a key role within the public-private partnerships and are responsible for the actual delivery of the program or project.;;;;Global;Global/International;Governance & Policy;Climate Adaptation, Public-Private Partnerships, Justice, Private Sector Involvement, Food Security and Agriculture;Qualitative Empirical Research;Case study, Interviews, Document analysis;;;;;;;Broad;Missing Research Question, Missing SDG
The impact of the photosynthetic traits’ downregulation on the leaf nutrient composition;Sophie Wynaendts;2022;Environmental Change and Ecosystems;Hugo de Boer;Karin Rebel;This research investigates the relationship between photosynthetic parameters and the nutrient composition of four plant species, focusing on nitrogen, phosphorus, and micronutrients such as zinc, iron, and calcium. The aim is to understand how atmospheric CO concentration affects these traits and nutrient content. A field study in the Ebro basin provided the plant material, and various statistical analyses were conducted to derive results. Findings indicate that increased CO leads to downregulation of photosynthetic traits, resulting in lower concentrations of leaf phosphorus and zinc. Further research is suggested to expand the analysis to other plant materials.;What is the relationship between the photosynthetic parameters and the nutrient composition of selected plant species?;2 - Zero Hunger;The research addresses the impact of climate change on nutrient deficiencies, which is crucial for tackling global malnutrition.;Ebro basin, Spain;Local;Ecology & Biodiversity;photosynthesis, nutrient composition, micronutrients, climate change, plant species;Quantitative Empirical Research;Statistical analysis, ANOVA, ANCOVA;;Royal DSM;;Ebro basin;;;Broad;Abstract too short
